ciiu_2d,avg_china_share
19,11.433757
15,6.6339192
31,3.964011
16,1.7220132
20,1.1933368
24,.75907326
14,.65844589
26,.54870921
29,.50968385
27,.46148038
32,.44988784
12,.34060642
25,.3370066
23,.32915348
21,.25233886
13,.24564244
28,.23211797
22,.20507398
18,.071024284
10,.059453841
17,.056551181
11,.023871394
35,.01061591
30,.0024424933
