ciiu_2d,total_imports,rank
26,66657573289.50982,1
27,26657628375.6875,2
20,15352426221.73903,3
28,12595817400.88988,4
29,10115079781.17295,5
21,9522907868.718342,6
15,8786588014.905113,7
32,6420009825.028283,8
25,6164579050.217656,9
23,5765159822.151147,10
